<application>
  <component name="ProjectManager">
    <defaultProject>
      <component name="Encoding" addBOMForNewFiles="with BOM under Windows, with no BOM otherwise" />
      <component name="PropertiesComponent"><![CDATA[{
  "keyToString": {
    "settings.editor.selected.configurable": "preferences.pathVariables"
  }
}]]></component>
      <component name="WindowStateProjectService">
        <state x="574" y="73" key="SettingsEditor" timestamp="1683956702393">
          <screen x="0" y="0" width="1920" height="1032" />
        </state>
        <state x="574" y="73" key="SettingsEditor/0.0.1920.1032/1920.0.1080.1920/-200.-1080.2560.1080" timestamp="1683956702393" />
      </component>
      <component name="masterDetails">
        <states>
          <state key="ScopeChooserConfigurable.UI">
            <settings>
              <splitter-proportions>
                <option name="proportions">
                  <list>
                    <option value="0.2" />
                  </list>
                </option>
              </splitter-proportions>
            </settings>
          </state>
        </states>
      </component>
    </defaultProject>
  </component>
</application>