<keymap version="1" name="IntelliJ copy" parent="$default">
  <action id="AssemblyDiffAction" />
  <action id="CIDR.Debugger.ShowInMemoryView" />
  <action id="ChooseDebugConfiguration">
    <keyboard-shortcut first-keystroke="shift alt f9" />
    <keyboard-shortcut first-keystroke="ctrl d" />
  </action>
  <action id="ChooseRunConfiguration">
    <keyboard-shortcut first-keystroke="shift alt f10" />
    <keyboard-shortcut first-keystroke="ctrl r" />
  </action>
  <action id="CloseContent">
    <keyboard-shortcut first-keystroke="ctrl f4" />
    <keyboard-shortcut first-keystroke="ctrl q" />
  </action>
  <action id="CollapseAll">
    <keyboard-shortcut first-keystroke="ctrl subtract" />
  </action>
  <action id="CollapseExpandableComponent">
    <keyboard-shortcut first-keystroke="shift enter" />
    <keyboard-shortcut first-keystroke="ctrl subtract" />
  </action>
  <action id="CollapseRegion">
    <keyboard-shortcut first-keystroke="ctrl subtract" />
  </action>
  <action id="CompareTwoFiles" />
  <action id="Console.Execute.Multiline" />
  <action id="Console.SplitLine" />
  <action id="Diff.ShowDiff" />
  <action id="DirDiffMenu.SynchronizeDiff.All" />
  <action id="Docker.RemoteServers.StartComposeService" />
  <action id="Docker.RemoteServers.StartContainer" />
  <action id="EditorDuplicate" />
  <action id="EditorSplitLine" />
  <action id="ExternalSystem.CollapseAll">
    <keyboard-shortcut first-keystroke="ctrl subtract" />
  </action>
  <action id="FileChooser.GotoDesktop" />
  <action id="FileChooserList.Root" />
  <action id="Images.Editor.ZoomOut">
    <keyboard-shortcut first-keystroke="ctrl subtract" />
  </action>
  <action id="QuickJavaDoc">
    <mouse-shortcut keystroke="alt button2" />
  </action>
  <action id="Replace" />
  <action id="Rider.Plugins.FSharp.SendToFsi" />
  <action id="RiderCoveringTestsPopupDebugSelectedTestsAction" />
  <action id="RiderCoveringTestsPopupRunAllTestsAction" />
  <action id="RiderNuGetQuickDocAction">
    <mouse-shortcut keystroke="alt button2" />
  </action>
  <action id="RiderNuGetToggleDependenciesExpanderAction" />
  <action id="RiderUnitTestDebugContextTwAction" />
  <action id="RiderUnitTestRunContextTwAction">
    <keyboard-shortcut first-keystroke="shift enter" />
  </action>
  <action id="RunDashboard.CopyConfiguration" />
  <action id="SendEOF" />
  <action id="ShowIntentionActions">
    <keyboard-shortcut first-keystroke="ctrl enter" />
  </action>
  <action id="SplitChooser.Duplicate" />
  <action id="SplitHorizontally">
    <keyboard-shortcut first-keystroke="ctrl minus" />
  </action>
  <action id="SplitVertically">
    <keyboard-shortcut first-keystroke="ctrl back_slash" />
  </action>
  <action id="Terminal.SmartCommandExecution.Run" />
  <action id="Uml.NodeIntentions">
    <keyboard-shortcut first-keystroke="ctrl enter" />
  </action>
  <action id="UsageFiltering.ReadAccess" />
  <action id="Vcs.Log.ShowTooltip">
    <mouse-shortcut keystroke="alt button2" />
  </action>
  <action id="ViewSource" />
  <action id="XDebugger.CopyWatch" />
  <action id="com.jetbrains.rider.interactive.csi.SendToCSharpInteractive" />
  <action id="openAssertEqualsDiff" />
</keymap>